fixed acidity;volatile acidity;citric acid;residual sugar;chlorides;free sulfur dioxide;total sulfur dioxide;density;pH;sulphates;alcohol;quality
7.7;0.489;0.252;3.6;0.082;1;145;0.9977;3.37;0.81;11.0;6
7.9;0.602;0.49;1.5;0.079;1;21;0.9946;3.33;0.5;10.9;7
9.2;0.477;0.33;2.9;0.118;4;136;0.9983;3.26;0.63;9.2;3
7.0;0.257;0.054;0.9;0.058;22;82;0.9951;3.43;0.69;11.0;8
7.0;0.391;0.195;3.2;0.077;39;149;0.9975;3.37;0.58;10.0;3
11.0;0.374;0.113;1.3;0.016;17;41;0.9963;3.19;0.54;10.0;8
8.8;0.41;0.18;1.3;0.125;10;67;0.9947;3.36;0.66;11.6;8
7.0;0.64;0.814;1.8;0.086;20;127;0.9953;3.45;0.68;10.6;7
9.7;0.515;0.582;2.0;0.151;17;132;0.9961;3.22;0.53;10.2;4
8.6;0.872;0.176;2.4;0.134;25;166;0.9976;3.28;1.0;10.0;4
8.0;0.297;0.305;0.9;0.122;16;38;0.9961;3.3;0.98;9.4;8
9.0;0.592;0.248;1.9;0.088;17;54;0.997;3.27;0.37;9.1;6
7.0;0.578;0.019;1.9;0.097;24;183;0.9964;3.4;0.55;9.5;4
9.2;0.409;0.209;2.6;0.102;11;157;0.9964;3.27;0.57;10.6;8
8.1;0.613;0.461;1.7;0.018;18;151;0.9952;3.36;0.69;10.8;4
8.4;0.28;0.0;3.7;0.111;5;59;0.9981;3.28;0.95;10.9;8
7.9;0.928;0.0;3.5;0.075;14;173;0.9998;3.3;0.89;8.4;3
9.4;0.561;0.428;3.9;0.101;23;152;0.9986;3.41;0.65;9.5;3
5.7;0.422;0.346;3.5;0.139;13;108;0.9972;3.45;0.66;10.1;6
7.2;0.591;0.254;3.3;0.136;12;48;0.9967;3.33;0.55;11.0;6
6.2;0.636;0.0;2.0;0.105;31;84;0.9955;3.49;0.46;11.3;7
7.3;0.12;0.419;3.1;0.087;17;167;0.9954;3.36;0.79;11.9;8
9.1;0.277;0.0;0.9;0.084;14;148;0.9947;3.27;0.58;11.7;8
8.4;0.384;0.228;0.9;0.048;20;76;0.9965;3.33;0.89;8.4;3
6.8;0.587;0.545;2.6;0.067;10;133;0.9971;3.41;0.49;10.1;7
5.7;0.192;0.184;1.8;0.076;21;166;0.9945;3.5;0.76;10.9;7
7.9;0.604;0.332;0.9;0.041;23;64;0.9969;3.33;0.97;9.5;5
7.7;0.506;0.127;4.9;0.057;27;84;0.9984;3.43;0.43;10.6;4
8.4;0.847;0.138;2.8;0.095;9;32;0.9975;3.22;0.71;11.3;6
10.0;0.12;0.536;0.9;0.066;35;79;0.9947;3.26;0.96;11.1;8
7.7;0.365;0.12;1.4;0.048;24;79;0.9964;3.33;0.66;10.3;6
5.5;0.438;0.136;4.5;0.112;11;149;0.998;3.47;0.79;10.3;7
6.9;0.607;0.386;3.6;0.143;10;156;0.998;3.41;0.55;9.9;4
9.4;0.29;0.158;0.9;0.096;18;164;0.9948;3.3;0.85;10.5;8
7.0;0.399;0.381;0.9;0.074;9;56;0.994;3.42;0.79;10.4;8
8.6;0.439;0.193;1.9;0.043;16;36;0.9951;3.35;0.91;10.4;8
9.6;0.925;0.219;2.4;0.087;35;118;0.9983;3.24;0.74;9.0;6
6.9;0.302;0.104;0.9;0.085;1;125;0.9958;3.41;0.55;9.6;7
8.1;0.303;0.18;1.6;0.116;19;77;0.9955;3.36;0.57;11.5;8
5.7;0.689;0.334;1.0;0.076;18;164;0.9957;3.53;0.83;9.0;3
7.8;0.533;0.11;4.5;0.147;1;79;0.9988;3.33;0.66;9.2;4
9.5;0.68;0.296;1.8;0.05;21;58;0.9961;3.2;0.82;10.2;7
10.0;0.564;0.387;3.8;0.124;19;68;0.9961;3.28;0.53;12.0;8
6.9;0.551;0.286;0.9;0.045;7;136;0.995;3.44;0.86;9.4;4
8.8;0.533;0.437;4.1;0.061;13;130;0.9976;3.24;0.67;9.9;7
9.7;0.604;0.253;3.8;0.093;4;79;0.9976;3.21;0.33;10.4;3
10.0;0.705;0.398;0.9;0.17;35;164;0.9943;3.26;0.56;11.2;6
10.4;0.557;0.202;4.6;0.073;23;103;0.9971;3.19;0.43;10.2;8
6.2;0.471;0.032;3.5;0.078;35;171;0.9969;3.5;0.96;11.5;7
7.0;0.866;0.326;2.9;0.112;18;161;0.9967;3.52;0.51;10.2;5
10.0;0.667;0.001;2.7;0.066;2;90;0.9972;3.3;0.68;10.0;4
9.8;0.302;0.303;0.9;0.117;8;65;0.9956;3.24;0.89;10.3;7
5.4;0.452;0.314;3.5;0.023;17;173;0.9979;3.51;0.52;10.3;6
8.8;0.742;0.288;1.9;0.194;1;38;0.9951;3.34;0.57;11.2;5
6.3;0.557;0.291;2.9;0.13;11;146;0.9968;3.43;0.61;10.7;7
9.5;0.329;0.752;4.4;0.133;2;53;0.9988;3.16;0.47;9.4;5
9.2;0.51;0.111;1.1;0.081;1;50;0.9948;3.3;0.72;11.8;8
7.9;0.29;0.336;2.2;0.115;11;94;0.9957;3.36;0.4;9.5;3
6.0;0.164;0.091;3.4;0.035;1;136;0.9969;3.53;0.75;10.7;6
7.4;0.715;0.442;1.4;0.012;4;35;0.9952;3.36;0.66;11.4;8
11.1;0.77;0.378;0.9;0.237;4;118;0.9951;3.1;0.65;10.6;4
5.2;0.62;0.463;1.3;0.052;23;89;0.9952;3.47;0.75;9.4;6
7.0;0.941;0.349;0.9;0.054;18;83;0.9936;3.38;0.83;10.1;4
6.3;0.421;0.323;0.9;0.138;4;52;0.996;3.37;0.46;8.4;3
10.8;0.855;0.178;1.8;0.115;26;123;0.9956;3.14;1.1;12.1;8
9.8;0.234;0.273;1.3;0.085;30;84;0.996;3.28;0.33;9.4;4
10.1;0.273;0.224;5.1;0.012;27;118;0.9991;3.28;0.72;9.8;7
7.9;0.653;0.43;1.4;0.129;5;70;0.9962;3.31;0.61;10.9;6
8.0;0.467;0.262;0.9;0.102;6;118;0.9963;3.34;0.87;8.4;3
7.9;0.77;0.032;0.9;0.105;1;78;0.9952;3.22;0.73;10.0;5
6.7;0.755;0.086;0.9;0.135;1;74;0.9945;3.32;0.55;11.8;8
8.0;0.245;0.005;5.0;0.086;11;119;0.9979;3.3;0.69;11.3;5
10.5;0.611;0.228;3.9;0.117;25;124;0.9993;3.24;0.69;9.9;4
7.1;0.605;0.224;1.4;0.094;15;147;0.9944;3.42;0.68;11.6;8
6.8;0.718;0.162;1.3;0.087;35;82;0.9952;3.48;0.51;11.1;3
5.8;0.381;0.694;1.8;0.06;2;126;0.9956;3.37;0.56;11.7;8
7.3;0.834;0.153;1.6;0.051;5;119;0.9972;3.32;0.61;8.9;4
6.7;0.45;0.431;0.9;0.056;23;147;0.9954;3.29;0.74;10.6;6
4.6;0.443;0.33;1.5;0.108;5;137;0.9975;3.63;0.66;9.4;7
10.9;0.704;0.072;6.4;0.074;19;149;0.9994;3.09;0.51;11.8;8
7.0;0.309;0.437;0.9;0.11;20;43;0.9961;3.38;0.82;9.5;8
9.0;0.649;0.197;1.8;0.099;24;112;0.9958;3.32;0.61;12.1;8
6.7;0.259;0.427;2.0;0.086;10;88;0.9946;3.48;0.82;11.0;8
8.2;0.12;0.407;2.9;0.073;11;167;0.9979;3.34;0.46;9.8;6
8.9;0.358;0.151;0.9;0.08;14;144;0.9947;3.28;0.66;10.8;7
6.9;0.597;0.586;2.1;0.107;16;156;0.9964;3.41;0.65;10.7;7
7.7;0.485;0.551;2.7;0.09;24;68;0.9956;3.34;0.92;10.9;5
8.3;0.434;0.264;0.9;0.085;32;173;0.9958;3.34;0.74;9.2;4
6.4;0.544;0.197;0.9;0.1;13;44;0.9953;3.51;0.61;10.1;4
7.5;0.741;0.263;0.9;0.103;28;167;0.995;3.36;0.81;9.3;3
6.9;0.559;0.177;3.9;0.072;18;97;0.9992;3.5;0.58;9.6;7
9.1;0.588;0.31;2.3;0.014;3;101;0.9969;3.23;0.58;10.1;7
7.9;0.158;0.194;0.9;0.057;10;110;0.9945;3.37;0.72;11.7;8
6.7;0.539;0.062;3.5;0.015;34;139;0.9975;3.5;0.61;10.3;4
7.8;0.633;0.23;1.3;0.085;16;157;0.9964;3.41;0.5;9.9;7
8.4;0.561;0.433;1.7;0.119;12;111;0.9959;3.36;0.37;10.6;8
7.4;0.393;0.173;1.0;0.057;18;143;0.9948;3.45;0.8;11.0;5
8.1;0.693;0.315;2.3;0.084;13;52;0.9971;3.42;0.77;10.4;6
8.6;0.677;0.216;0.9;0.123;1;31;0.9967;3.32;0.69;10.1;6
6.4;0.267;0.158;1.9;0.097;24;156;0.9962;3.45;0.68;9.0;4
8.5;0.409;0.105;1.5;0.06;21;88;0.9952;3.31;0.61;10.9;4
7.7;0.35;0.479;3.7;0.02;16;63;0.9979;3.34;0.76;9.1;3
8.2;0.312;0.278;0.9;0.012;23;122;0.9965;3.28;0.5;9.3;5
8.4;0.377;0.318;2.4;0.1;7;90;0.9959;3.41;0.65;12.2;8
9.2;0.324;0.092;2.4;0.02;10;155;0.996;3.23;0.37;11.0;6
8.0;0.598;0.298;3.6;0.065;13;57;0.9983;3.28;0.46;10.5;6
8.7;0.666;0.236;4.0;0.059;27;157;0.9989;3.34;0.62;10.2;4
10.3;0.303;0.0;3.4;0.061;11;79;0.9964;3.15;0.61;12.0;8
9.1;0.461;0.068;4.4;0.11;2;138;0.9983;3.26;0.64;9.0;3
8.6;0.446;0.347;3.3;0.182;8;47;0.9969;3.38;0.67;12.1;8
9.5;0.199;0.411;2.8;0.089;10;82;0.9961;3.16;0.83;12.0;8
9.3;0.291;0.398;2.6;0.13;12;94;0.9972;3.28;0.94;9.6;4
8.6;0.372;0.706;1.1;0.055;17;90;0.9961;3.22;0.33;9.9;6
8.8;0.289;0.017;1.8;0.081;27;86;0.9956;3.32;0.39;10.4;6
4.6;0.687;0.301;4.1;0.082;17;44;0.9987;3.54;0.54;10.5;8
8.5;0.659;0.074;2.7;0.066;11;128;0.997;3.3;0.97;11.4;8
8.9;0.586;0.373;0.9;0.08;3;38;0.9954;3.3;0.63;11.1;8
6.3;0.82;0.493;2.3;0.083;8;48;0.9976;3.44;0.65;9.1;5
7.6;0.455;0.329;2.4;0.04;14;172;0.9959;3.38;0.5;10.1;6
7.8;0.836;0.299;1.1;0.141;4;126;0.9957;3.27;0.45;10.2;4
9.1;0.799;0.029;3.0;0.038;2;30;0.9977;3.29;0.69;9.3;3
8.3;0.718;0.192;4.4;0.084;15;61;0.9998;3.35;0.94;9.4;3
8.9;0.642;0.473;0.9;0.118;9;165;0.9959;3.26;0.46;10.3;6
5.6;0.735;0.373;3.3;0.042;14;126;0.9984;3.42;0.72;10.0;6
7.6;0.563;0.372;1.5;0.119;15;172;0.9955;3.33;0.72;10.2;6
5.8;0.616;0.244;0.9;0.043;19;147;0.9961;3.41;0.67;9.7;4
6.3;0.124;0.082;4.3;0.043;10;85;0.9994;3.49;0.58;9.9;4
7.9;0.39;0.223;2.4;0.13;24;172;0.9969;3.38;0.66;9.9;4
9.2;0.404;0.476;3.7;0.107;8;76;0.9983;3.21;0.86;11.0;6
4.6;0.313;0.054;1.7;0.086;17;147;0.9954;3.48;0.75;11.6;8
5.9;0.441;0.388;3.2;0.151;15;108;0.9998;3.52;0.7;8.6;3
6.6;0.45;0.137;4.4;0.039;11;166;1.0;3.45;0.58;8.5;3
8.4;0.609;0.159;4.6;0.033;35;180;0.9984;3.27;0.73;9.9;6
8.8;0.312;0.231;4.2;0.17;24;144;0.9984;3.21;0.87;9.0;3
8.4;0.53;0.138;1.0;0.047;2;80;0.9955;3.29;0.53;9.4;6
7.4;0.612;0.041;2.3;0.102;26;113;0.9971;3.34;0.73;10.8;8
7.6;0.164;0.354;2.4;0.052;25;89;0.9965;3.39;0.53;10.6;7
9.3;0.418;0.19;3.1;0.069;9;72;0.9964;3.2;0.86;10.5;6
7.8;0.556;0.449;1.9;0.114;14;83;0.9966;3.3;0.85;10.7;5
8.2;0.63;0.131;4.3;0.044;16;92;0.9984;3.31;0.5;9.9;4
5.4;0.512;0.181;6.9;0.078;11;167;0.9991;3.6;0.42;11.7;8
6.9;0.308;0.259;3.3;0.093;10;93;0.9975;3.37;0.83;9.5;7
10.3;0.989;0.261;1.2;0.048;32;126;0.9963;3.16;0.62;9.5;3
4.6;0.242;0.127;2.1;0.027;27;182;0.9951;3.47;0.69;10.7;6
7.1;0.465;0.117;1.0;0.099;11;126;0.9951;3.4;1.07;10.8;7
8.7;0.452;0.117;3.0;0.012;27;55;0.9972;3.27;0.46;10.9;8
6.6;0.495;0.434;5.4;0.066;23;151;0.9998;3.36;0.62;9.1;4
9.0;0.4;0.229;3.7;0.081;14;132;0.9985;3.36;0.77;10.1;4
7.8;0.611;0.2;1.2;0.16;13;166;0.9958;3.43;0.71;9.6;3
9.2;0.512;0.453;3.1;0.135;30;69;0.9972;3.27;0.55;9.4;7
5.8;0.47;0.426;3.0;0.083;11;138;0.9976;3.45;0.87;10.5;8
6.7;0.401;0.285;3.8;0.079;2;34;0.9981;3.4;0.37;9.4;3
8.7;0.462;0.343;1.9;0.207;1;76;0.9974;3.27;0.33;10.4;6
7.8;0.442;0.238;3.7;0.084;28;117;0.9962;3.32;0.65;12.3;8
8.6;0.59;0.151;2.8;0.112;31;161;0.9979;3.39;0.4;9.7;6
6.2;0.444;0.263;2.0;0.065;21;75;0.9967;3.45;0.78;10.3;3
7.1;0.793;0.502;2.7;0.082;12;48;0.9949;3.39;0.6;11.4;7
6.7;0.817;0.51;1.9;0.14;17;58;0.9953;3.37;0.75;10.4;7
6.1;0.561;0.212;1.6;0.088;32;174;0.9955;3.44;0.82;10.9;7
7.7;0.316;0.214;1.7;0.077;10;46;0.9965;3.41;0.84;10.7;8
8.5;0.335;0.094;2.4;0.129;19;151;0.9975;3.23;0.63;9.4;4
7.7;0.483;0.318;6.0;0.084;37;61;1.0011;3.37;0.83;9.1;3
6.9;0.371;0.427;2.4;0.146;1;73;0.9966;3.39;0.56;9.1;3
8.7;0.305;0.224;2.4;0.059;18;79;0.9962;3.21;0.66;9.8;5
7.9;0.686;0.21;6.0;0.084;11;144;0.9993;3.34;0.41;11.4;7
8.6;0.758;0.315;2.4;0.075;15;67;0.9975;3.36;0.49;10.8;7
7.2;0.841;0.254;1.2;0.038;7;71;0.995;3.36;0.63;10.9;6
8.4;0.871;0.165;4.3;0.057;5;161;0.9971;3.33;0.75;11.9;6
7.2;0.571;0.079;4.3;0.012;19;81;0.9999;3.36;0.58;8.7;4
7.5;0.609;0.359;3.1;0.142;33;65;0.9969;3.36;0.51;10.3;8
5.5;0.299;0.373;4.9;0.079;3;90;0.9992;3.49;0.76;9.9;8
6.4;1.045;0.694;1.4;0.091;10;158;0.9963;3.39;0.59;8.7;3
7.2;0.628;0.083;2.4;0.179;32;117;0.9972;3.43;0.86;8.5;3
7.5;0.605;0.369;4.3;0.066;11;77;0.9998;3.3;0.71;9.1;3
7.4;0.393;0.451;0.9;0.058;6;49;0.9955;3.32;0.69;9.7;7
7.0;0.481;0.227;5.3;0.103;29;156;1.0007;3.41;0.57;8.9;5
9.7;0.532;0.115;4.0;0.059;4;91;0.9979;3.24;0.64;10.5;4
7.7;0.553;0.266;3.4;0.032;23;57;0.9973;3.38;0.33;10.9;8
8.4;0.39;0.147;3.4;0.044;23;181;0.997;3.26;0.7;11.9;8
5.9;0.666;0.357;2.0;0.083;22;111;0.9976;3.37;0.67;8.8;3
9.4;0.644;0.376;2.8;0.144;1;87;0.998;3.21;0.72;10.5;5
7.7;0.661;0.21;4.4;0.074;16;91;0.9982;3.36;0.39;11.0;8
5.4;0.766;0.138;4.7;0.163;39;160;0.9992;3.51;0.33;10.5;6
6.7;0.573;0.0;0.9;0.129;23;181;0.9959;3.47;0.69;9.4;3
7.0;0.281;0.461;3.6;0.106;1;32;0.9962;3.34;0.81;11.8;8
8.6;0.674;0.274;1.7;0.111;20;102;0.9964;3.35;0.74;9.4;4
9.6;0.654;0.199;3.8;0.077;25;56;0.9993;3.24;0.96;9.2;4
9.2;0.618;0.374;2.0;0.088;6;93;0.996;3.27;0.73;11.0;8
7.1;0.454;0.377;3.3;0.121;13;119;0.9973;3.47;0.71;9.6;7
4.8;0.624;0.376;3.4;0.078;5;160;0.9986;3.47;1.06;10.1;5
8.0;0.695;0.335;1.1;0.126;24;126;0.9943;3.3;0.41;9.9;3
8.5;0.382;0.32;1.5;0.018;18;107;0.9958;3.27;0.49;9.9;3
8.0;0.452;0.452;2.4;0.048;22;170;0.9974;3.29;0.58;9.2;5
6.8;0.471;0.219;2.8;0.029;7;33;0.9959;3.35;0.85;11.9;8
9.5;0.479;0.394;2.6;0.039;15;116;0.9962;3.31;0.5;9.9;4
7.0;0.497;0.3;3.7;0.112;20;171;0.9978;3.37;0.64;11.0;7
6.2;0.542;0.041;3.4;0.073;23;156;0.9961;3.39;0.91;11.7;8
11.6;0.524;0.369;3.5;0.13;23;99;0.998;3.11;0.63;11.0;7
7.2;0.442;0.137;1.7;0.079;9;134;0.9971;3.45;0.68;10.0;6
9.1;0.385;0.303;3.7;0.05;7;112;0.9979;3.31;0.48;9.7;3
8.8;0.261;0.205;4.5;0.105;18;54;0.9978;3.24;0.62;11.1;7
8.3;0.434;0.338;1.0;0.041;1;98;0.9957;3.3;0.33;9.8;6
9.2;0.576;0.357;2.5;0.128;1;91;0.9957;3.31;0.4;10.5;5
7.9;0.819;0.322;2.2;0.118;10;94;0.9954;3.32;0.64;10.3;5
9.9;0.724;0.338;1.2;0.092;13;133;0.997;3.29;0.33;9.5;3
6.6;0.717;0.269;0.9;0.147;1;129;0.9963;3.38;0.86;10.5;5
7.4;0.273;0.314;3.2;0.094;22;50;0.9964;3.37;0.58;11.1;7
6.7;0.481;0.584;4.8;0.082;37;166;0.9961;3.43;0.91;13.2;8
8.7;0.418;0.198;0.9;0.091;1;89;0.9949;3.33;0.54;10.0;3
5.6;0.701;0.376;1.9;0.179;1;66;0.9951;3.48;0.97;12.1;6
5.8;0.589;0.234;2.9;0.06;14;94;0.9968;3.43;0.69;11.2;5
7.0;0.355;0.284;2.3;0.076;30;114;0.9965;3.4;0.83;11.8;8
8.9;0.488;0.238;1.8;0.073;11;161;0.9952;3.34;0.62;11.8;8
7.4;0.398;0.353;2.2;0.059;7;27;0.9967;3.39;0.44;9.9;7
10.2;0.536;0.465;0.9;0.068;18;47;0.995;3.23;0.46;11.4;8
7.3;0.564;0.005;5.7;0.18;23;44;0.9993;3.37;0.82;9.9;3
8.8;0.671;0.147;0.9;0.103;18;143;0.9961;3.28;0.52;9.8;5
8.8;0.717;0.373;0.9;0.055;18;156;0.9951;3.23;0.4;9.9;4
7.9;0.369;0.592;3.6;0.132;12;47;0.996;3.32;0.43;10.5;8
7.6;0.761;0.504;1.2;0.071;9;162;0.9954;3.4;0.4;10.4;6
8.4;0.536;0.316;0.9;0.054;7;85;0.9947;3.3;0.64;9.9;5
9.2;0.399;0.262;3.2;0.041;5;141;0.9971;3.24;0.81;10.3;4
8.2;0.469;0.416;3.3;0.035;19;82;0.9991;3.38;0.65;8.8;3
7.0;0.73;0.213;3.0;0.024;18;147;0.9985;3.4;0.74;10.2;5
8.3;0.386;0.503;3.4;0.073;14;97;0.9964;3.3;0.53;11.4;8
8.6;0.262;0.155;2.7;0.134;35;89;0.9976;3.37;0.75;9.4;8
9.1;0.342;0.495;1.2;0.056;20;98;0.9965;3.3;0.63;9.6;3
7.9;0.66;0.531;6.2;0.075;26;85;0.9991;3.34;0.74;11.1;7
8.5;0.741;0.196;4.5;0.035;19;108;0.9996;3.26;0.68;9.8;4
8.1;0.409;0.332;0.9;0.15;33;53;0.9949;3.33;0.37;9.3;4
6.8;0.495;0.214;2.5;0.15;15;48;0.9964;3.4;0.98;9.4;3
10.8;0.589;0.306;4.4;0.142;27;107;0.9977;3.17;0.76;11.2;8
8.6;0.255;0.257;1.2;0.085;19;67;0.9965;3.33;0.7;9.0;3
8.2;0.12;0.177;2.8;0.12;15;57;0.9964;3.32;0.75;9.7;5
8.6;0.382;0.372;3.1;0.057;25;139;0.996;3.31;0.63;13.5;8
8.6;0.52;0.448;2.8;0.066;34;191;0.997;3.25;0.68;11.7;8
6.7;0.332;0.254;5.2;0.101;16;162;0.9999;3.37;0.58;10.7;6
8.3;0.414;0.294;0.9;0.054;14;129;0.9954;3.34;0.69;10.6;8
8.2;0.488;0.182;1.7;0.075;25;122;0.9961;3.35;0.79;10.7;8
6.7;0.299;0.059;3.8;0.012;17;113;0.9991;3.37;0.5;8.4;3
8.5;0.663;0.336;5.6;0.089;12;170;1.0012;3.31;0.37;10.2;6
9.2;0.486;0.563;2.9;0.08;23;161;0.9963;3.32;0.66;10.7;4
8.8;0.736;0.356;0.9;0.095;14;132;0.9952;3.28;0.87;9.9;8
7.7;0.365;0.277;1.8;0.088;16;109;0.9948;3.37;0.78;12.6;8
7.2;0.125;0.349;1.4;0.14;17;165;0.9978;3.29;0.71;8.4;3
10.5;0.454;0.315;2.2;0.108;29;159;0.9954;3.25;1.01;11.8;8
6.7;0.132;0.296;1.5;0.066;12;74;0.9959;3.3;0.63;9.9;7
7.4;0.986;0.255;4.5;0.098;39;89;0.9991;3.43;0.45;8.4;3
8.2;1.03;0.434;5.2;0.14;24;133;0.9994;3.36;0.8;9.8;5
8.4;0.527;0.275;0.9;0.13;36;125;0.9963;3.36;0.59;9.4;5
9.3;0.323;0.233;1.7;0.156;24;85;0.9949;3.27;0.48;12.6;8
9.6;0.152;0.17;4.2;0.117;7;31;0.9977;3.27;0.53;11.0;7
8.7;0.593;0.361;4.7;0.076;1;58;0.9988;3.32;0.64;11.2;7
7.2;0.398;0.4;1.9;0.144;10;33;0.9963;3.47;0.59;10.8;8
7.4;0.689;0.035;2.7;0.129;22;67;0.9967;3.39;0.78;9.8;4
8.1;0.513;0.327;2.5;0.028;23;118;0.9958;3.24;0.74;11.7;8
8.6;0.35;0.0;1.8;0.012;19;105;0.9953;3.25;0.98;11.4;8
6.3;0.41;0.07;4.3;0.133;29;185;0.9979;3.31;1.09;10.7;8
4.6;0.764;0.059;0.9;0.083;37;184;0.9946;3.57;0.81;10.7;6
9.5;0.742;0.069;1.2;0.053;6;46;0.9959;3.35;0.75;8.9;3
7.3;0.488;0.225;4.3;0.064;24;97;0.9986;3.39;0.43;10.6;7
9.5;0.502;0.228;3.5;0.064;17;165;0.9974;3.27;0.94;10.6;5
7.6;0.726;0.246;1.9;0.102;12;168;0.9956;3.42;0.36;11.0;6
7.1;0.601;0.559;2.4;0.02;28;120;0.9967;3.37;0.43;10.9;7
9.7;0.222;0.373;2.7;0.125;1;55;0.9963;3.2;0.33;11.0;8
6.3;0.459;0.208;3.9;0.094;10;151;0.9981;3.5;0.6;9.7;7
7.9;0.245;0.235;3.9;0.114;27;182;0.9984;3.31;0.81;9.3;4
8.1;0.578;0.002;5.8;0.092;7;28;1.0006;3.29;0.48;10.5;8
6.9;0.372;0.164;3.5;0.086;27;141;0.9986;3.44;0.74;9.6;3
5.4;0.337;0.434;1.5;0.066;18;176;0.9956;3.49;0.7;9.1;7
8.9;0.425;0.43;4.6;0.145;5;137;0.9986;3.21;0.46;9.6;3
4.6;0.509;0.436;2.2;0.094;12;58;0.996;3.46;0.45;10.3;5
9.8;0.371;0.0;2.4;0.131;1;46;0.9963;3.32;0.73;10.7;7
6.9;0.45;0.139;3.7;0.107;15;145;0.9983;3.38;0.51;10.1;8
4.9;0.586;0.0;0.9;0.163;25;115;0.9956;3.54;0.77;9.6;5
7.3;0.577;0.426;0.9;0.05;7;127;0.9945;3.36;0.7;10.5;6
7.8;0.507;0.23;5.0;0.12;30;118;0.9985;3.31;0.67;10.1;3
10.1;0.483;0.3;3.0;0.124;24;160;0.9976;3.19;0.67;11.0;6
7.4;0.365;0.379;3.6;0.066;12;147;0.997;3.31;0.62;11.2;6
10.6;0.685;0.266;3.7;0.065;25;173;0.9983;3.18;1.04;9.9;4
7.7;0.281;0.345;3.8;0.081;13;155;0.9989;3.41;0.65;11.7;7
6.0;0.793;0.3;1.2;0.107;5;46;0.995;3.43;0.6;9.9;7
7.3;0.398;0.202;2.0;0.096;11;131;0.9963;3.4;0.72;10.7;7
9.0;0.4;0.254;2.1;0.055;27;76;0.9956;3.35;0.71;11.2;8
10.3;0.331;0.226;1.8;0.127;22;143;0.996;3.35;0.77;10.8;7
9.5;0.61;0.328;3.7;0.095;18;141;0.9974;3.34;0.52;11.9;8
7.4;0.426;0.163;3.8;0.028;1;34;0.9969;3.45;0.7;9.9;5
9.4;0.711;0.039;0.9;0.03;27;55;0.9948;3.2;0.83;10.9;8
8.6;0.263;0.335;3.8;0.081;17;132;1.0;3.38;0.9;8.4;4
8.9;0.654;0.305;1.6;0.144;8;108;0.9964;3.26;0.4;8.4;3
5.6;0.48;0.465;3.7;0.087;25;139;0.9953;3.43;0.42;11.7;8
8.6;0.713;0.529;4.3;0.022;26;79;0.998;3.31;0.75;10.8;8
7.0;0.595;0.0;3.2;0.012;22;104;0.9966;3.38;0.81;11.2;6
8.9;0.599;0.27;0.9;0.053;11;59;0.9947;3.27;0.85;9.2;4
8.2;0.715;0.063;1.7;0.029;18;138;0.9954;3.37;0.88;11.5;8
4.6;0.463;0.458;2.4;0.075;18;138;0.9963;3.52;0.74;10.3;5
9.3;0.444;0.001;3.2;0.083;11;89;0.9969;3.22;0.95;9.6;3
8.6;0.613;0.247;0.9;0.087;38;175;0.9961;3.33;0.78;9.1;3
5.8;0.382;0.38;3.6;0.02;3;93;0.9974;3.43;0.33;12.3;8
11.7;0.714;0.238;3.5;0.118;10;71;0.9968;3.09;0.39;9.9;3
7.2;0.431;0.176;1.6;0.053;28;185;0.9961;3.38;0.41;8.4;3
8.6;0.397;0.417;0.9;0.062;1;138;0.9967;3.33;0.8;9.9;4
8.7;0.536;0.219;1.6;0.087;10;70;0.9946;3.26;0.66;12.3;8
7.5;0.553;0.202;4.2;0.039;26;124;0.9991;3.38;0.45;10.6;5
6.1;0.167;0.0;4.9;0.121;14;111;0.998;3.39;0.79;10.6;8
5.8;0.759;0.138;1.0;0.033;2;130;0.9947;3.5;0.59;11.1;8
8.3;0.623;0.115;2.4;0.041;21;59;0.9963;3.39;0.55;10.0;6
8.6;0.494;0.316;4.4;0.064;9;109;0.9998;3.29;0.49;9.4;5
8.1;0.582;0.104;2.4;0.07;14;64;0.9958;3.36;0.69;11.3;7
6.1;0.855;0.264;2.7;0.086;10;156;0.9969;3.53;0.5;9.4;3
6.5;0.881;0.419;2.0;0.055;13;160;0.997;3.38;0.73;9.5;7
8.8;0.596;0.45;3.4;0.079;27;48;0.9969;3.31;0.6;11.8;5
7.3;0.559;0.028;2.0;0.155;13;123;0.9969;3.43;0.92;9.8;4
8.5;0.822;0.365;0.9;0.068;17;91;0.9952;3.39;0.79;9.6;5
5.8;0.464;0.072;0.9;0.034;8;38;0.9955;3.43;0.73;10.1;8
9.2;0.353;0.331;1.6;0.049;10;84;0.9949;3.29;0.64;10.7;7
6.4;0.162;0.342;0.9;0.019;33;130;0.9962;3.44;0.58;10.1;3
7.1;0.419;0.52;3.6;0.066;3;94;0.9978;3.41;0.79;10.8;6
9.0;0.813;0.457;0.9;0.204;2;86;0.9957;3.29;0.53;10.1;4
6.2;0.474;0.343;2.1;0.072;1;65;0.9974;3.43;0.41;9.1;5
6.6;0.451;0.202;4.0;0.117;16;67;0.9987;3.4;0.65;9.4;4
4.8;0.355;0.305;1.9;0.135;22;159;0.9956;3.49;0.87;10.7;7
8.4;0.473;0.298;2.6;0.077;15;116;0.997;3.28;0.47;11.2;3
6.4;0.214;0.318;1.8;0.108;18;78;0.9969;3.39;0.39;9.2;5
6.4;0.222;0.347;0.9;0.111;26;108;0.9931;3.33;0.84;12.5;8
6.2;0.44;0.357;2.0;0.088;13;61;0.9954;3.39;0.7;11.2;8
11.9;0.665;0.158;4.6;0.012;13;149;0.9981;3.17;0.64;11.8;6
9.5;0.631;0.104;0.9;0.148;6;147;0.996;3.2;0.64;9.2;3
8.5;0.603;0.473;3.5;0.093;22;92;0.998;3.4;0.64;10.0;5
6.2;0.397;0.285;4.0;0.151;18;118;0.9982;3.51;0.67;11.2;8
9.0;0.568;0.442;5.9;0.045;8;30;1.0005;3.3;0.61;9.1;3
9.4;0.594;0.198;3.5;0.04;21;66;0.9974;3.25;0.36;10.0;3
6.0;0.589;0.29;4.0;0.108;20;160;0.9981;3.48;0.48;10.4;3
8.2;0.826;0.338;1.8;0.087;10;114;0.9943;3.34;0.67;11.4;5
6.5;0.496;0.459;3.0;0.096;33;163;0.9965;3.35;0.49;11.3;7
7.3;0.657;0.406;2.8;0.166;11;88;0.9975;3.4;1.0;11.0;5
8.0;0.535;0.132;0.9;0.072;24;65;0.996;3.3;0.58;9.7;4
8.8;0.393;0.027;0.9;0.123;6;103;0.9958;3.25;0.68;10.3;8
7.6;0.168;0.127;0.9;0.028;21;63;0.9943;3.42;0.7;11.3;8
5.7;0.767;0.62;3.2;0.088;29;109;0.997;3.49;0.97;11.1;7
4.7;0.865;0.124;1.3;0.074;2;154;0.996;3.55;0.76;9.0;3
5.6;0.509;0.311;1.0;0.059;16;41;0.9954;3.57;0.76;10.3;8
8.2;0.355;0.102;3.7;0.022;14;43;0.9981;3.23;0.78;10.9;5
11.0;0.479;0.485;3.7;0.174;9;85;0.9976;3.12;0.6;10.8;8
9.1;0.12;0.479;0.9;0.032;9;164;0.9957;3.15;0.39;9.7;4
8.3;0.484;0.25;2.9;0.097;1;115;0.9975;3.38;0.33;10.5;5
10.7;0.541;0.271;3.2;0.053;1;31;0.9968;3.26;0.84;10.0;5
11.5;0.359;0.0;1.5;0.087;14;62;0.9961;3.11;0.33;10.6;6
10.5;0.771;0.164;0.9;0.036;4;99;0.9946;3.15;0.85;10.6;8
7.6;0.662;0.134;5.8;0.078;14;114;0.9989;3.3;0.78;12.3;8
6.4;0.517;0.231;1.6;0.148;13;97;0.9962;3.5;0.65;10.2;5
9.7;0.506;0.471;2.6;0.132;8;97;0.9975;3.17;0.55;10.8;8
7.7;0.631;0.412;3.9;0.089;20;77;0.997;3.38;0.68;11.5;8
7.7;0.558;0.176;0.9;0.087;23;143;0.9947;3.3;0.49;10.5;5
6.1;0.684;0.543;3.5;0.031;18;100;0.9958;3.41;0.58;11.3;7
8.2;0.782;0.492;3.5;0.081;3;47;0.9968;3.3;0.55;10.6;4
7.6;0.143;0.174;3.3;0.072;11;54;0.9974;3.31;0.71;9.6;6
7.4;0.588;0.368;2.0;0.117;14;71;0.9977;3.33;0.9;8.5;4
9.4;0.48;0.284;2.8;0.079;1;152;0.9973;3.28;0.64;10.0;8
9.1;0.48;0.259;0.9;0.128;22;63;0.9949;3.26;0.73;9.1;5
7.5;0.767;0.477;4.6;0.145;18;158;0.9986;3.36;0.57;11.5;7
9.5;0.793;0.223;3.4;0.135;6;104;0.9982;3.23;0.48;9.0;4
5.3;0.44;0.127;3.0;0.085;24;44;0.9978;3.55;0.79;8.6;7
8.1;0.714;0.21;4.1;0.089;14;35;0.9989;3.29;0.78;9.8;4
9.2;0.772;0.15;3.4;0.084;26;79;0.999;3.2;0.69;8.4;3
10.3;0.587;0.116;3.1;0.067;12;118;0.9981;3.2;0.89;10.2;6
9.7;0.588;0.299;3.1;0.079;31;152;0.9963;3.24;0.67;11.0;6
10.4;0.721;0.268;2.8;0.052;29;56;0.9967;3.16;0.33;10.5;6
9.4;0.242;0.309;1.8;0.09;8;135;0.9964;3.27;0.4;10.9;7
6.1;0.722;0.25;2.0;0.056;9;34;0.9952;3.45;0.87;11.5;8
8.9;0.877;0.343;1.7;0.13;25;90;0.9963;3.35;0.73;11.1;7
7.9;0.563;0.092;1.3;0.065;20;52;0.9957;3.41;0.71;8.6;3
9.9;0.615;0.185;0.9;0.107;21;178;0.9965;3.18;0.73;8.7;4
10.0;0.459;0.337;3.9;0.06;8;125;0.9981;3.17;0.71;10.7;8
7.5;0.855;0.445;1.5;0.108;18;79;0.9961;3.37;0.65;11.3;6
8.6;0.872;0.307;2.7;0.058;13;108;0.9978;3.24;0.41;9.5;3
6.9;0.416;0.221;1.9;0.072;15;151;0.9955;3.46;0.9;11.9;8
9.0;0.656;0.069;0.9;0.077;15;119;0.9946;3.29;0.82;12.4;8
8.4;0.473;0.288;2.0;0.012;7;85;0.9957;3.28;0.48;11.5;8
8.0;0.376;0.633;3.2;0.083;14;60;0.9976;3.32;0.45;9.7;4
7.9;0.334;0.45;3.8;0.059;24;137;0.9983;3.39;0.74;10.1;5
8.7;0.715;0.268;1.7;0.115;24;96;0.9953;3.29;0.65;10.5;4
6.9;0.472;0.306;0.9;0.084;41;123;0.9955;3.4;0.44;11.3;3
7.4;0.471;0.398;3.0;0.164;34;150;0.998;3.27;0.7;10.2;5
8.1;0.561;0.216;3.1;0.052;25;77;0.9964;3.4;0.69;10.0;5
5.5;0.55;0.175;3.6;0.033;1;104;0.9988;3.47;0.49;9.9;4
10.3;0.626;0.1;4.8;0.017;26;167;0.9977;3.2;0.7;12.0;8
6.4;0.502;0.314;1.7;0.081;8;35;0.9954;3.37;0.66;10.2;7
6.8;0.516;0.23;4.0;0.098;19;119;0.9984;3.44;0.82;10.8;7
7.1;0.673;0.424;0.9;0.091;20;142;0.9955;3.4;0.88;10.3;5
8.5;0.484;0.191;1.1;0.067;23;126;0.9962;3.31;0.8;10.5;8
7.8;0.553;0.308;2.9;0.063;4;143;0.997;3.46;0.86;10.7;5
9.8;0.275;0.515;2.7;0.12;23;46;0.9963;3.29;0.71;11.6;8
9.6;0.507;0.182;2.4;0.08;3;29;0.9968;3.26;0.53;10.8;4
10.0;0.606;0.429;2.6;0.077;35;147;0.9974;3.17;0.68;10.3;6
9.4;0.602;0.259;1.3;0.161;9;99;0.9971;3.3;0.64;8.4;3
6.6;0.49;0.197;3.0;0.066;23;130;0.9944;3.42;0.7;13.2;8
5.7;0.775;0.083;4.4;0.096;14;159;0.9982;3.38;0.76;10.3;7
6.3;0.356;0.287;3.6;0.148;37;184;0.997;3.47;0.56;11.6;6
7.2;0.621;0.165;2.0;0.04;37;193;0.9965;3.43;1.08;11.8;8
4.6;0.365;0.373;3.4;0.134;4;131;0.9973;3.57;0.79;9.7;8
6.6;0.652;0.218;2.6;0.068;22;127;0.9976;3.43;0.92;10.3;7
7.4;0.363;0.201;0.9;0.033;15;134;0.9941;3.38;0.43;11.7;8
8.3;0.523;0.242;2.3;0.128;14;140;0.9958;3.42;0.33;12.5;8
6.6;0.53;0.154;2.8;0.077;17;139;0.9958;3.37;0.55;11.0;5
6.9;0.745;0.072;0.9;0.081;17;176;0.9958;3.4;0.62;9.3;3
5.8;0.494;0.396;2.9;0.06;21;156;0.9967;3.46;0.49;10.7;5
7.8;0.615;0.116;2.4;0.068;20;137;0.9966;3.32;0.33;11.1;7
5.9;0.367;0.322;4.1;0.087;31;178;0.9992;3.48;0.74;9.0;3
8.3;0.345;0.247;3.0;0.041;25;98;0.9956;3.25;0.61;10.7;6
9.7;0.814;0.379;4.6;0.057;20;147;0.9985;3.26;0.43;11.0;7
9.9;0.516;0.447;3.7;0.047;36;89;0.9979;3.21;0.67;9.5;5
7.0;0.441;0.057;1.9;0.017;9;35;0.9966;3.42;0.81;11.5;7
5.4;0.399;0.613;4.0;0.1;22;127;0.9975;3.5;0.89;10.0;5
6.0;0.586;0.334;2.2;0.075;25;98;0.9957;3.45;0.82;10.8;8
9.6;0.486;0.463;0.9;0.077;12;134;0.9951;3.17;0.61;8.4;3
11.9;0.307;0.219;4.5;0.067;27;186;0.9975;3.08;0.61;10.9;6
6.6;0.625;0.468;1.4;0.012;18;125;0.9957;3.48;0.66;11.8;3
6.7;0.603;0.058;1.7;0.114;16;75;0.9959;3.41;0.7;9.5;7
8.0;0.363;0.486;2.2;0.081;20;87;0.9959;3.36;0.8;9.3;3
5.8;0.549;0.425;1.3;0.051;31;108;0.9965;3.55;0.64;8.4;3
9.6;0.591;0.505;3.5;0.012;1;60;0.9961;3.18;1.02;13.3;8
6.6;0.443;0.006;0.9;0.088;1;65;0.9947;3.43;0.83;10.5;3
9.0;0.552;0.403;4.5;0.132;19;101;0.9978;3.25;0.33;11.6;8
10.1;0.385;0.0;2.1;0.137;31;166;0.9973;3.28;0.9;9.8;3
8.5;0.504;0.268;4.6;0.062;12;97;0.998;3.29;0.62;11.7;7
6.8;0.447;0.38;1.7;0.098;23;87;0.9961;3.45;0.58;10.5;8
8.1;0.398;0.26;1.7;0.115;25;84;0.9962;3.3;0.87;10.4;6
7.2;0.553;0.034;2.9;0.097;18;97;0.9953;3.34;0.76;11.6;8
5.9;0.393;0.543;2.0;0.029;1;126;0.9966;3.51;0.56;9.9;3
6.3;0.559;0.169;0.9;0.059;17;68;0.9964;3.42;0.81;9.3;3
5.8;0.61;0.0;2.1;0.09;6;90;0.9968;3.45;0.68;11.2;6
10.1;0.72;0.311;1.2;0.045;1;95;0.9946;3.17;0.52;10.9;8
7.7;0.342;0.517;0.9;0.049;1;97;0.9961;3.46;0.78;10.4;8
6.4;0.427;0.121;1.6;0.017;9;53;0.9968;3.5;0.72;10.3;6
6.4;0.256;0.278;4.8;0.127;32;141;0.9983;3.47;0.42;11.1;8
6.4;0.671;0.351;4.6;0.066;27;174;0.9956;3.49;0.52;12.8;8
8.4;1.047;0.294;1.9;0.099;13;109;0.9955;3.33;0.82;11.8;6
9.8;0.244;0.293;4.8;0.059;21;94;0.9978;3.18;0.5;11.4;8
9.3;0.827;0.13;5.4;0.201;13;43;0.9984;3.21;0.58;12.1;8
8.5;0.515;0.166;1.3;0.019;20;124;0.9947;3.3;0.56;10.6;5
8.3;0.616;0.47;0.9;0.051;16;93;0.9957;3.38;0.86;9.4;4
7.7;0.435;0.027;2.8;0.128;28;185;0.9968;3.36;0.95;10.2;6
7.5;0.228;0.315;3.1;0.083;4;67;0.9968;3.38;0.43;11.3;6
6.2;0.504;0.253;0.9;0.156;11;71;0.995;3.37;1.04;10.8;7
7.7;0.412;0.286;6.8;0.126;21;81;1.0002;3.38;0.44;11.6;7
8.7;0.628;0.287;2.3;0.106;19;121;0.9961;3.26;0.77;11.3;7
6.3;0.629;0.0;2.2;0.101;30;71;0.9976;3.45;0.97;8.4;3
5.9;0.614;0.333;4.9;0.055;27;152;0.9981;3.49;0.74;10.9;7
5.4;0.348;0.238;2.0;0.043;28;49;0.9954;3.44;0.93;11.4;5
7.7;0.472;0.468;1.4;0.128;13;161;0.9961;3.38;0.76;9.6;4
6.7;0.563;0.007;2.3;0.034;19;135;0.9969;3.38;0.81;10.9;4
8.6;0.526;0.408;3.5;0.093;24;71;0.9983;3.28;0.73;10.5;8
4.7;0.337;0.078;4.7;0.141;26;171;0.9992;3.6;0.84;8.4;3
7.9;0.722;0.48;1.7;0.115;12;91;0.9964;3.37;0.9;9.4;6
9.1;0.4;0.367;6.0;0.124;15;103;0.9986;3.3;0.84;11.8;8
9.5;0.762;0.315;4.6;0.141;7;41;0.9981;3.31;0.86;11.1;7
7.4;0.254;0.0;1.9;0.06;9;109;0.9972;3.32;0.33;8.4;3
9.4;0.26;0.314;0.9;0.186;16;150;0.9957;3.24;0.44;10.5;6
6.5;0.214;0.0;4.1;0.114;19;103;0.9971;3.44;0.64;10.6;7
7.2;0.598;0.156;0.9;0.061;9;40;0.9962;3.41;0.47;9.1;3
5.9;0.455;0.274;1.3;0.078;1;83;0.9954;3.55;0.59;10.6;7
8.6;0.544;0.353;0.9;0.029;19;161;0.9948;3.3;0.79;11.4;8
9.6;0.124;0.334;4.7;0.105;20;46;1.0;3.21;0.74;9.9;6
5.6;0.34;0.417;3.6;0.096;9;141;0.998;3.48;0.38;11.3;5
11.6;0.433;0.23;3.9;0.026;17;83;0.9978;3.06;0.43;10.9;8
6.4;0.456;0.311;2.3;0.15;27;132;0.9965;3.44;0.67;10.2;6
8.5;0.302;0.0;0.9;0.123;18;66;0.9952;3.21;0.4;9.5;7
7.6;0.488;0.35;4.1;0.14;11;140;0.998;3.39;0.65;10.6;5
7.8;0.323;0.477;1.5;0.08;17;75;0.9964;3.3;0.41;11.0;4
7.0;0.538;0.247;2.1;0.067;9;89;0.9954;3.39;0.5;11.9;8
4.6;0.662;0.521;1.8;0.089;28;130;0.9966;3.52;0.49;10.1;4
8.1;0.363;0.484;3.9;0.114;8;58;0.998;3.31;0.47;10.7;8
7.2;0.446;0.326;2.1;0.031;22;59;0.9962;3.45;0.64;10.3;8
7.0;0.548;0.085;5.1;0.031;5;114;1.0003;3.38;0.58;10.1;7
9.4;0.12;0.306;0.9;0.046;13;136;0.9958;3.16;0.93;10.3;5
7.2;0.464;0.256;2.4;0.098;15;100;0.9961;3.38;0.67;10.1;6
5.2;0.392;0.305;2.3;0.085;13;51;0.9975;3.55;0.33;10.0;6
7.1;0.784;0.436;0.9;0.131;17;145;0.9958;3.35;0.78;9.6;3
8.4;0.564;0.223;3.6;0.065;26;83;0.9966;3.34;0.7;11.6;6
10.6;0.701;0.265;2.0;0.143;10;154;0.9954;3.15;0.78;11.0;8
9.6;0.778;0.373;3.7;0.195;16;102;0.9967;3.28;0.74;11.7;7
7.9;0.391;0.194;3.4;0.073;8;36;0.9966;3.34;0.55;11.4;7
5.7;0.374;0.243;0.9;0.038;33;184;0.9946;3.46;0.56;12.3;8
8.9;0.431;0.344;2.3;0.077;31;120;0.9967;3.26;0.81;9.5;7
7.5;0.632;0.379;0.9;0.107;15;157;0.9966;3.34;0.72;10.6;5
6.7;0.737;0.171;4.3;0.062;1;83;0.998;3.39;0.63;11.0;6
9.6;0.823;0.22;3.8;0.098;10;159;0.9975;3.34;0.69;10.3;4
7.1;0.27;0.337;3.4;0.121;18;55;0.9969;3.39;0.65;11.1;7
9.2;0.364;0.413;3.2;0.116;24;113;0.9974;3.27;0.58;11.1;8
7.6;0.12;0.148;4.5;0.054;17;169;0.999;3.42;0.88;10.3;8
7.0;0.411;0.029;3.2;0.074;7;83;0.9963;3.41;0.61;11.0;7
6.6;0.335;0.335;6.0;0.086;18;113;1.0;3.45;0.42;11.1;7
9.1;0.179;0.035;3.7;0.066;27;98;0.9984;3.19;0.93;9.9;8
8.4;0.465;0.246;0.9;0.159;15;75;0.9953;3.37;0.81;8.4;4
9.4;0.625;0.326;0.9;0.1;19;173;0.995;3.16;0.65;10.3;8
6.3;0.637;0.204;0.9;0.104;20;93;0.9959;3.36;0.61;10.2;5
9.7;0.479;0.278;3.7;0.087;34;120;0.9974;3.19;0.57;9.3;5
7.5;0.395;0.364;3.3;0.102;15;139;0.9983;3.32;0.47;9.8;3
8.2;0.678;0.401;0.9;0.052;17;81;0.9948;3.35;0.71;10.7;8
5.0;0.712;0.188;3.5;0.012;11;102;0.9987;3.57;0.67;9.8;3
7.1;0.647;0.055;1.8;0.145;14;115;0.9959;3.35;0.59;10.4;5
6.5;0.536;0.333;2.1;0.103;21;67;0.9972;3.37;0.85;9.6;3
7.5;0.524;0.191;1.9;0.091;25;112;0.9969;3.41;0.33;10.0;3
5.8;0.344;0.132;4.5;0.159;19;70;0.9987;3.5;0.72;10.1;6
8.3;0.405;0.009;4.8;0.119;16;51;0.9978;3.34;0.61;10.8;7
7.9;0.587;0.137;0.9;0.105;1;49;0.9953;3.36;0.75;9.9;7
5.0;0.678;0.223;3.4;0.127;15;114;0.9973;3.56;0.53;11.5;7
8.3;0.657;0.432;1.4;0.105;15;64;0.9952;3.37;0.39;10.3;3
9.3;0.591;0.406;1.7;0.106;16;173;0.996;3.32;0.74;10.7;8
7.4;0.299;0.408;2.8;0.111;21;125;0.9947;3.4;0.48;12.9;8
10.8;0.546;0.326;3.4;0.049;13;172;0.9978;3.11;0.56;10.0;6
8.6;0.571;0.097;3.7;0.16;29;185;0.9966;3.36;1.08;11.5;8
7.9;0.672;0.051;2.1;0.149;9;139;0.9962;3.28;0.59;9.8;5
6.5;0.637;0.221;5.0;0.111;20;109;0.9992;3.44;0.6;10.1;7
8.8;0.694;0.243;2.1;0.066;12;42;0.9953;3.3;0.61;10.4;5
7.0;0.342;0.259;3.9;0.119;6;159;0.9982;3.38;0.84;10.7;6
9.2;0.475;0.28;0.9;0.059;10;98;0.9953;3.24;0.91;11.4;8
6.9;0.284;0.188;0.9;0.012;18;108;0.9956;3.39;0.51;11.1;5
11.2;0.502;0.305;5.2;0.108;6;29;0.9983;3.19;0.89;11.2;8
7.0;0.651;0.206;1.5;0.055;5;152;0.9956;3.41;0.79;10.7;5
9.4;0.672;0.113;3.5;0.069;11;169;0.9983;3.18;0.45;9.7;3
9.7;0.679;0.173;4.0;0.09;6;112;0.9963;3.24;0.54;11.3;8
5.1;0.376;0.241;7.3;0.126;10;134;1.0005;3.55;0.73;12.3;8
10.4;0.653;0.162;2.7;0.103;2;64;0.997;3.19;0.72;9.4;3
9.1;0.227;0.349;2.6;0.094;10;110;0.9979;3.27;0.34;11.0;5
9.6;0.435;0.064;0.9;0.04;21;128;0.9956;3.27;0.5;10.2;5
6.7;0.375;0.325;2.8;0.074;18;153;0.9968;3.37;0.83;9.9;5
8.6;0.597;0.278;5.3;0.037;18;99;0.9994;3.32;0.63;10.3;5
10.6;0.459;0.186;4.8;0.012;14;154;0.9984;3.26;0.66;11.7;6
6.7;0.614;0.232;2.0;0.147;10;49;0.9962;3.39;0.87;11.4;8
4.7;0.645;0.219;3.3;0.067;29;95;0.9976;3.54;0.87;9.6;3
7.2;0.567;0.462;6.0;0.059;18;120;1.0002;3.38;0.5;10.6;4
8.9;0.88;0.195;3.8;0.072;12;34;0.9968;3.32;0.35;11.8;5
10.0;0.42;0.299;1.4;0.054;13;167;0.9958;3.29;0.46;11.7;8
6.7;0.672;0.184;3.6;0.083;31;83;0.9986;3.48;0.83;11.0;6
9.8;0.309;0.235;2.7;0.137;2;153;0.9973;3.17;0.49;10.6;8
6.0;0.646;0.049;1.1;0.086;1;124;0.9956;3.53;0.47;10.1;5
6.1;0.288;0.376;3.6;0.063;9;40;0.9982;3.44;0.77;11.5;8
5.0;0.395;0.009;1.8;0.128;15;131;0.9946;3.54;0.53;11.2;8
9.2;0.855;0.583;1.4;0.103;40;189;0.9978;3.19;0.52;9.2;4
10.1;0.609;0.411;1.4;0.1;24;176;0.9957;3.11;0.75;11.5;8
5.7;0.597;0.456;4.1;0.116;34;163;0.9982;3.55;0.61;11.6;4
5.0;0.464;0.505;1.2;0.107;21;77;0.9956;3.47;0.77;8.7;5
7.7;0.527;0.365;3.5;0.066;1;120;0.9985;3.38;0.59;8.9;4
8.4;0.557;0.618;6.1;0.085;29;153;0.9994;3.29;0.61;11.3;6
6.8;0.626;0.471;2.1;0.06;12;102;0.9972;3.45;0.98;9.5;4
7.7;0.56;0.302;4.6;0.145;24;173;1.0;3.29;0.42;10.1;3
7.8;0.675;0.379;1.7;0.155;15;56;0.9967;3.34;0.81;9.2;4
8.8;0.656;0.298;2.1;0.046;38;63;0.9976;3.24;0.65;9.4;4
9.6;0.222;0.321;3.0;0.104;11;54;0.9977;3.2;0.52;10.4;3
5.9;0.289;0.236;2.0;0.095;17;161;0.9955;3.45;0.41;11.9;7
4.8;0.282;0.318;1.8;0.153;25;137;0.9955;3.53;0.33;11.1;8
7.5;0.672;0.227;2.2;0.022;28;77;0.9959;3.36;0.6;11.8;8
11.2;0.711;0.151;3.5;0.132;39;180;0.9975;3.22;0.94;11.5;7
10.3;0.468;0.203;0.9;0.089;18;133;0.9953;3.23;0.52;11.3;6
4.8;0.544;0.066;2.8;0.027;23;156;0.9972;3.54;0.52;9.7;3
9.3;0.564;0.51;3.5;0.126;7;67;0.9992;3.23;0.51;8.4;3
10.2;0.8;0.376;1.0;0.083;19;49;0.995;3.22;0.74;10.5;5
6.3;0.517;0.393;4.0;0.11;27;72;0.9983;3.53;0.82;10.9;8
7.3;0.749;0.041;3.1;0.065;10;165;0.9979;3.46;0.74;10.0;3
6.1;0.695;0.393;3.2;0.088;21;137;0.9951;3.41;0.83;12.2;8
4.9;0.191;0.116;4.2;0.072;6;68;0.9982;3.53;0.68;10.6;8
7.4;0.586;0.494;1.6;0.052;3;49;0.9967;3.37;0.45;10.0;5
8.3;0.609;0.149;0.9;0.012;19;120;0.9946;3.31;0.73;11.6;8
8.0;0.405;0.0;3.9;0.034;5;65;0.9986;3.28;0.54;9.3;3
6.7;0.221;0.017;2.7;0.046;14;78;0.9957;3.45;0.99;11.2;5
8.0;0.361;0.473;3.7;0.091;19;71;0.9988;3.3;0.81;10.9;8
9.1;0.3;0.361;3.4;0.063;1;137;0.9986;3.19;0.53;9.0;5
6.2;0.459;0.531;2.1;0.069;20;54;0.9985;3.44;0.88;8.4;4
8.2;0.53;0.38;1.5;0.128;31;176;0.995;3.36;0.72;10.4;7
8.6;0.512;0.416;2.2;0.097;21;62;0.996;3.26;0.57;9.9;3
9.3;0.434;0.0;3.3;0.102;19;124;0.9986;3.25;0.74;8.4;4
9.2;0.793;0.015;3.2;0.115;4;126;0.9971;3.25;0.73;11.6;8
8.8;0.362;0.034;3.8;0.089;34;101;0.9971;3.35;0.59;10.5;5
9.6;0.695;0.488;1.5;0.101;19;96;0.9973;3.26;0.49;8.5;3
8.7;0.539;0.559;2.7;0.103;14;78;0.9978;3.33;0.76;10.3;5
6.1;0.571;0.238;0.9;0.04;9;70;0.9965;3.41;0.49;9.1;3
7.7;0.126;0.399;2.6;0.012;12;130;0.9956;3.33;0.55;10.6;6
6.0;0.759;0.089;1.7;0.102;15;81;0.9951;3.57;0.7;10.1;8
7.8;0.598;0.086;1.9;0.088;10;33;0.997;3.44;0.73;9.1;3
4.6;0.569;0.306;1.0;0.127;14;125;0.9954;3.54;0.7;10.9;5
10.6;0.485;0.476;2.4;0.131;7;101;0.9966;3.27;0.53;9.9;4
5.7;0.472;0.081;2.5;0.123;1;71;0.9965;3.49;0.5;11.7;7
10.8;0.664;0.098;2.7;0.054;24;126;0.9969;3.23;0.49;10.3;4
8.6;0.709;0.192;5.3;0.075;19;138;0.9991;3.32;0.73;11.6;7
8.3;0.718;0.262;0.9;0.02;34;138;0.9949;3.32;0.59;10.6;7
9.1;0.673;0.262;0.9;0.093;24;50;0.9935;3.29;0.84;12.0;8
7.1;0.526;0.082;5.0;0.042;22;121;0.9985;3.4;0.9;9.5;3
6.3;0.32;0.265;0.9;0.101;21;152;0.9951;3.45;0.55;9.8;7
4.6;0.405;0.471;0.9;0.038;1;120;0.9956;3.48;0.39;9.5;6
9.2;0.608;0.478;2.1;0.081;10;96;0.9959;3.29;0.61;10.8;6
10.5;0.558;0.277;4.8;0.12;8;140;1.0002;3.22;0.53;9.9;6
8.1;0.213;0.432;2.0;0.115;19;62;0.9963;3.37;0.71;10.9;8
7.1;0.58;0.163;1.6;0.101;16;90;0.9951;3.44;0.59;11.3;8
7.2;0.608;0.525;1.0;0.063;16;52;0.995;3.34;0.49;11.4;8
7.0;0.592;0.366;1.7;0.145;12;66;0.9961;3.45;0.38;9.8;6
9.0;0.656;0.672;0.9;0.17;18;97;0.9944;3.34;0.45;11.3;7
8.5;0.389;0.275;2.5;0.129;11;114;0.9966;3.37;0.75;9.6;3
7.0;0.803;0.344;1.3;0.074;11;50;0.9959;3.34;0.71;9.6;5
9.2;0.478;0.209;1.2;0.082;32;115;0.9935;3.32;0.67;13.2;8
7.7;0.427;0.055;4.2;0.088;28;105;0.9968;3.36;0.51;11.7;6
8.4;0.267;0.305;2.7;0.116;3;117;0.9962;3.27;0.47;11.9;8
10.2;0.512;0.25;0.9;0.109;9;31;0.9969;3.19;0.7;9.9;6
6.9;0.42;0.247;1.4;0.049;16;75;0.9964;3.44;0.88;9.5;5
6.5;0.68;0.119;0.9;0.089;9;124;0.9954;3.44;0.47;10.0;5
7.8;0.753;0.297;4.3;0.092;9;123;0.9978;3.35;0.92;10.4;4
7.3;0.758;0.183;3.0;0.082;25;184;0.9981;3.34;0.59;10.2;5
8.1;0.147;0.291;3.7;0.049;21;41;0.9973;3.33;0.68;10.8;7
4.6;0.457;0.299;2.5;0.111;10;43;0.9979;3.49;0.88;8.6;3
7.3;0.638;0.362;3.2;0.08;18;84;0.9986;3.31;0.77;8.4;3
5.8;0.453;0.238;2.9;0.091;8;37;0.997;3.43;0.96;12.0;8
7.5;0.473;0.18;0.9;0.076;25;58;0.995;3.33;0.66;9.6;6
8.0;0.624;0.0;1.5;0.062;32;115;0.9963;3.39;0.55;10.0;6
10.3;0.651;0.342;4.3;0.067;10;88;0.9989;3.29;0.63;9.4;5
8.4;0.12;0.429;2.5;0.052;28;68;0.9974;3.31;0.47;10.1;6
6.0;0.38;0.448;3.1;0.127;1;80;0.9977;3.41;0.7;11.1;6
9.8;0.347;0.0;1.4;0.066;1;107;0.9962;3.15;0.45;9.8;6
8.9;0.553;0.384;2.5;0.094;29;82;0.9974;3.36;0.62;8.4;3
8.8;0.691;0.26;2.8;0.091;22;69;0.9973;3.3;0.75;9.0;3
8.2;0.625;0.462;0.9;0.06;26;70;0.9952;3.32;0.98;10.6;6
6.6;0.54;0.195;3.7;0.074;17;129;0.9956;3.53;0.97;13.0;8
8.3;0.474;0.494;5.2;0.094;9;81;0.9989;3.32;0.5;11.5;8
8.5;0.603;0.454;2.8;0.052;32;174;0.9947;3.34;0.76;12.0;8
9.4;0.619;0.24;2.0;0.02;15;125;0.9958;3.27;0.46;10.3;4
9.5;0.475;0.087;2.3;0.127;27;52;0.9968;3.28;0.55;10.5;5
6.8;0.874;0.0;1.0;0.051;24;62;0.9945;3.46;0.82;10.9;4
8.4;0.339;0.35;0.9;0.126;11;56;0.996;3.31;0.81;10.5;7
8.9;0.34;0.096;0.9;0.103;13;42;0.9953;3.33;0.77;10.5;6
10.5;0.462;0.153;1.0;0.012;32;155;0.9953;3.16;0.66;10.4;8
8.2;0.341;0.095;3.6;0.062;6;97;0.9976;3.35;0.67;9.9;5
6.2;0.205;0.242;2.6;0.023;1;64;0.9973;3.44;0.73;11.1;7
6.1;0.591;0.122;3.9;0.153;33;54;0.9986;3.5;0.78;8.7;3
6.5;0.56;0.074;2.4;0.095;20;61;0.9959;3.38;0.33;11.2;6
5.6;0.293;0.377;2.4;0.049;23;69;0.9948;3.52;0.83;11.2;8
8.3;0.477;0.257;1.9;0.044;17;171;0.9966;3.31;0.72;10.2;5
9.6;0.597;0.42;5.1;0.067;19;54;1.0005;3.3;0.47;10.3;6
7.3;0.573;0.434;2.1;0.043;1;103;0.9972;3.38;0.42;8.9;3
8.2;0.571;0.036;4.1;0.012;12;155;0.9978;3.28;0.44;10.8;7
6.8;0.433;0.03;1.9;0.14;18;72;0.9948;3.31;0.56;11.7;8
8.7;0.733;0.0;4.7;0.092;36;94;0.9998;3.26;0.56;9.9;4
6.9;0.12;0.29;0.9;0.044;20;147;0.9962;3.41;0.7;9.8;8
7.3;0.537;0.179;0.9;0.038;27;166;0.9962;3.45;0.64;10.4;5
10.1;0.453;0.276;1.4;0.078;21;155;0.9952;3.24;0.63;10.7;7
7.4;0.734;0.22;2.9;0.092;1;42;0.9975;3.39;0.59;11.0;7
10.2;0.69;0.02;1.0;0.038;23;86;0.9953;3.22;0.56;10.4;3
9.2;0.445;0.275;3.2;0.012;30;97;0.9966;3.37;0.75;11.8;8
5.2;0.574;0.354;1.9;0.097;10;56;0.9966;3.53;0.85;10.7;6
8.2;0.685;0.345;3.8;0.071;25;109;0.9971;3.29;0.95;11.2;8
8.3;0.443;0.475;3.2;0.085;1;140;0.9979;3.21;0.54;11.6;5
7.2;0.264;0.512;2.1;0.059;28;171;0.9947;3.4;0.52;12.2;8
6.6;0.33;0.424;2.7;0.14;23;129;0.9961;3.41;0.65;11.1;5
7.5;0.477;0.175;3.4;0.103;21;46;0.9987;3.34;0.86;9.8;4
9.0;0.331;0.058;0.9;0.073;11;34;0.9945;3.29;0.55;10.8;8
9.7;0.373;0.273;4.8;0.077;2;75;0.9993;3.24;0.58;11.5;8
8.3;0.454;0.204;2.7;0.104;1;151;0.997;3.31;0.48;10.4;4
7.7;0.387;0.324;3.5;0.077;26;134;0.9979;3.42;0.62;12.2;8
8.4;0.321;0.338;2.3;0.02;23;45;0.9981;3.32;0.39;8.9;3
7.2;0.462;0.252;1.4;0.044;18;90;0.9962;3.43;0.61;10.1;6
8.7;0.731;0.285;2.2;0.041;37;192;0.9974;3.26;0.48;9.6;3
7.5;0.547;0.409;1.8;0.063;13;94;0.9946;3.31;0.65;12.6;8
8.1;0.434;0.051;4.7;0.058;16;149;0.9985;3.31;0.71;9.5;3
7.8;0.718;0.219;1.5;0.012;1;138;0.9948;3.27;0.95;10.5;4
9.1;0.697;0.157;3.1;0.126;19;81;0.9961;3.24;0.55;11.9;8
5.3;0.714;0.26;1.9;0.042;2;70;0.9959;3.48;0.84;11.7;6
12.0;0.524;0.262;4.6;0.113;1;123;0.9987;3.09;0.62;11.0;5
9.4;0.919;0.0;3.3;0.092;19;64;0.9984;3.23;0.67;9.7;3
6.4;0.593;0.199;2.1;0.125;14;115;0.9973;3.45;0.81;8.9;3
7.9;0.498;0.0;0.9;0.127;22;43;0.9964;3.23;0.33;8.5;3
8.1;0.363;0.336;7.0;0.012;25;138;1.0008;3.3;0.33;10.4;7
9.2;0.637;0.188;0.9;0.104;12;116;0.9953;3.18;0.75;9.7;3
9.4;0.409;0.117;1.7;0.1;41;174;0.9954;3.34;0.62;11.3;8
7.2;0.694;0.143;1.6;0.074;13;92;0.9976;3.38;1.02;9.4;6
6.5;0.488;0.371;3.6;0.125;1;91;0.9977;3.4;0.51;11.7;8
5.0;0.409;0.356;3.9;0.131;25;78;0.9968;3.5;0.73;12.1;7
8.8;0.741;0.581;4.6;0.048;17;103;0.9981;3.33;0.79;10.9;8
7.8;0.443;0.154;0.9;0.149;8;112;0.9955;3.27;0.56;9.6;3
9.4;0.192;0.151;2.9;0.06;19;51;0.9957;3.26;0.71;10.3;6
5.9;0.781;0.471;1.9;0.101;16;110;0.9971;3.51;0.93;8.4;3
5.5;0.278;0.243;2.8;0.127;5;45;0.9954;3.44;0.61;12.2;8
7.2;0.46;0.124;0.9;0.071;3;66;0.9962;3.39;0.75;10.3;3
8.3;0.239;0.278;0.9;0.166;6;55;0.9943;3.32;0.94;10.1;6
8.5;0.435;0.111;2.6;0.145;14;152;0.9963;3.37;0.87;10.3;8
7.7;0.349;0.394;2.0;0.147;22;97;0.9963;3.28;0.98;11.5;7
9.3;0.291;0.178;2.7;0.127;27;87;0.9965;3.18;0.73;11.0;8
8.0;0.279;0.16;3.3;0.085;26;163;0.997;3.37;0.6;10.8;7
11.9;0.683;0.144;0.9;0.142;13;89;0.9943;3.11;0.78;10.5;8
7.3;0.324;0.443;3.1;0.031;19;130;0.9982;3.37;0.33;10.2;6
9.4;0.624;0.177;0.9;0.139;17;117;0.9944;3.23;0.62;12.0;6
8.1;0.306;0.354;2.9;0.095;30;75;0.9969;3.27;0.5;10.5;6
8.6;0.327;0.059;2.3;0.071;1;38;0.998;3.29;0.67;8.4;3
7.3;0.216;0.173;3.1;0.102;17;115;0.9969;3.44;0.76;10.6;7
6.7;0.691;0.0;4.2;0.121;16;168;0.9979;3.37;0.37;10.3;3
6.8;0.12;0.204;1.4;0.127;17;151;0.996;3.38;0.74;10.4;8
9.9;0.455;0.302;3.9;0.126;26;56;0.9978;3.2;0.65;11.4;8
8.5;0.273;0.381;1.9;0.084;12;129;0.9965;3.26;0.33;10.7;4
6.7;0.405;0.555;6.4;0.079;16;120;1.0005;3.46;0.74;10.8;8
8.8;0.414;0.379;2.1;0.167;16;88;0.9956;3.38;0.68;11.3;8
9.0;0.78;0.167;5.1;0.038;16;134;0.9985;3.21;0.8;9.6;6
11.1;0.393;0.364;2.3;0.012;2;140;0.9968;3.21;0.61;9.9;5
